"","v","num","s","s.u","u","gc_name"
"1","cg_",1,"[0,0.25]","[0,0.25]",0.15,"cg_1"
"2","cg_",2,"[0,0.25]","(0.25,0.5]",0.15,"cg_2"
"3","cg_",3,"[0,0.25]","(0.5,0.75]",0.15,"cg_3"
"4","cg_",4,"[0,0.25]","(0.75,1]",0.15,"cg_4"
"5","cg_",5,"[0,0.25]","(1,1.25]",0.15,"cg_5"
"6","cg_",6,"[0,0.25]","(1.25,1.5]",0.15,"cg_6"
"7","cg_",7,"[0,0.25]","(1.5,1.75]",0.15,"cg_7"
"8","cg_",8,"[0,0.25]","(1.75,2]",0.15,"cg_8"
"9","cg_",9,"[0,0.25]","(2,2.25]",0.15,"cg_9"
"10","cg_",10,"[0,0.25]","(2.25,2.5]",0.15,"cg_10"
"11","cg_",11,"[0,0.25]","(2.5,2.75]",0.15,"cg_11"
"12","cg_",12,"[0,0.25]","(2.75,3]",0.15,"cg_12"
"13","cg_",13,"(0.25,0.5]","[0,0.25]",0.15,"cg_13"
"14","cg_",14,"(0.25,0.5]","(0.25,0.5]",0.15,"cg_14"
"15","cg_",15,"(0.25,0.5]","(0.5,0.75]",0.15,"cg_15"
"16","cg_",16,"(0.25,0.5]","(0.75,1]",0.15,"cg_16"
"17","cg_",17,"(0.25,0.5]","(1,1.25]",0.15,"cg_17"
"18","cg_",18,"(0.25,0.5]","(1.25,1.5]",0.15,"cg_18"
"19","cg_",19,"(0.25,0.5]","(1.5,1.75]",0.15,"cg_19"
"20","cg_",20,"(0.25,0.5]","(1.75,2]",0.15,"cg_20"
"21","cg_",21,"(0.25,0.5]","(2,2.25]",0.15,"cg_21"
"22","cg_",22,"(0.25,0.5]","(2.25,2.5]",0.15,"cg_22"
"23","cg_",23,"(0.25,0.5]","(2.5,2.75]",0.15,"cg_23"
"24","cg_",24,"(0.25,0.5]","(2.75,3]",0.15,"cg_24"
"25","cg_",25,"(0.5,0.75]","[0,0.25]",0.15,"cg_25"
"26","cg_",26,"(0.5,0.75]","(0.25,0.5]",0.15,"cg_26"
"27","cg_",27,"(0.5,0.75]","(0.5,0.75]",0.15,"cg_27"
"28","cg_",28,"(0.5,0.75]","(0.75,1]",0.15,"cg_28"
"29","cg_",29,"(0.5,0.75]","(1,1.25]",0.15,"cg_29"
"30","cg_",30,"(0.5,0.75]","(1.25,1.5]",0.15,"cg_30"
"31","cg_",31,"(0.5,0.75]","(1.5,1.75]",0.15,"cg_31"
"32","cg_",32,"(0.5,0.75]","(1.75,2]",0.15,"cg_32"
"33","cg_",33,"(0.5,0.75]","(2,2.25]",0.15,"cg_33"
"34","cg_",34,"(0.5,0.75]","(2.25,2.5]",0.15,"cg_34"
"35","cg_",35,"(0.5,0.75]","(2.5,2.75]",0.15,"cg_35"
"36","cg_",36,"(0.5,0.75]","(2.75,3]",0.15,"cg_36"
"37","cg_",37,"(0.75,1]","[0,0.25]",0.15,"cg_37"
"38","cg_",38,"(0.75,1]","(0.25,0.5]",0.15,"cg_38"
"39","cg_",39,"(0.75,1]","(0.5,0.75]",0.15,"cg_39"
"40","cg_",40,"(0.75,1]","(0.75,1]",0.15,"cg_40"
"41","cg_",41,"(0.75,1]","(1,1.25]",0.15,"cg_41"
"42","cg_",42,"(0.75,1]","(1.25,1.5]",0.15,"cg_42"
"43","cg_",43,"(0.75,1]","(1.5,1.75]",0.15,"cg_43"
"44","cg_",44,"(0.75,1]","(1.75,2]",0.15,"cg_44"
"45","cg_",45,"(0.75,1]","(2,2.25]",0.15,"cg_45"
"46","cg_",46,"(0.75,1]","(2.25,2.5]",0.15,"cg_46"
"47","cg_",47,"(0.75,1]","(2.5,2.75]",0.15,"cg_47"
"48","cg_",48,"(0.75,1]","(2.75,3]",0.15,"cg_48"
"49","cg_",49,"(1,1.25]","[0,0.25]",0.15,"cg_49"
"50","cg_",50,"(1,1.25]","(0.25,0.5]",0.15,"cg_50"
"51","cg_",51,"(1,1.25]","(0.5,0.75]",0.15,"cg_51"
"52","cg_",52,"(1,1.25]","(0.75,1]",0.15,"cg_52"
"53","cg_",53,"(1,1.25]","(1,1.25]",0.15,"cg_53"
"54","cg_",54,"(1,1.25]","(1.25,1.5]",0.15,"cg_54"
"55","cg_",55,"(1,1.25]","(1.5,1.75]",0.15,"cg_55"
"56","cg_",56,"(1,1.25]","(1.75,2]",0.15,"cg_56"
"57","cg_",57,"(1,1.25]","(2,2.25]",0.15,"cg_57"
"58","cg_",58,"(1,1.25]","(2.25,2.5]",0.15,"cg_58"
"59","cg_",59,"(1,1.25]","(2.5,2.75]",0.15,"cg_59"
"60","cg_",60,"(1,1.25]","(2.75,3]",0.15,"cg_60"
"61","cg_",61,"(1.25,1.5]","[0,0.25]",0.15,"cg_61"
"62","cg_",62,"(1.25,1.5]","(0.25,0.5]",0.15,"cg_62"
"63","cg_",63,"(1.25,1.5]","(0.5,0.75]",0.15,"cg_63"
"64","cg_",64,"(1.25,1.5]","(0.75,1]",0.15,"cg_64"
"65","cg_",65,"(1.25,1.5]","(1,1.25]",0.15,"cg_65"
"66","cg_",66,"(1.25,1.5]","(1.25,1.5]",0.15,"cg_66"
"67","cg_",67,"(1.25,1.5]","(1.5,1.75]",0.15,"cg_67"
"68","cg_",68,"(1.25,1.5]","(1.75,2]",0.15,"cg_68"
"69","cg_",69,"(1.25,1.5]","(2,2.25]",0.15,"cg_69"
"70","cg_",70,"(1.25,1.5]","(2.25,2.5]",0.15,"cg_70"
"71","cg_",71,"(1.25,1.5]","(2.5,2.75]",0.15,"cg_71"
"72","cg_",72,"(1.25,1.5]","(2.75,3]",0.15,"cg_72"
"73","cg_",73,"(1.5,1.75]","[0,0.25]",0.15,"cg_73"
"74","cg_",74,"(1.5,1.75]","(0.25,0.5]",0.15,"cg_74"
"75","cg_",75,"(1.5,1.75]","(0.5,0.75]",0.15,"cg_75"
"76","cg_",76,"(1.5,1.75]","(0.75,1]",0.15,"cg_76"
"77","cg_",77,"(1.5,1.75]","(1,1.25]",0.15,"cg_77"
"78","cg_",78,"(1.5,1.75]","(1.25,1.5]",0.15,"cg_78"
"79","cg_",79,"(1.5,1.75]","(1.5,1.75]",0.15,"cg_79"
"80","cg_",80,"(1.5,1.75]","(1.75,2]",0.15,"cg_80"
"81","cg_",81,"(1.5,1.75]","(2,2.25]",0.15,"cg_81"
"82","cg_",82,"(1.5,1.75]","(2.25,2.5]",0.15,"cg_82"
"83","cg_",83,"(1.5,1.75]","(2.5,2.75]",0.15,"cg_83"
"84","cg_",84,"(1.5,1.75]","(2.75,3]",0.15,"cg_84"
"85","cg_",85,"(1.75,2]","[0,0.25]",0.15,"cg_85"
"86","cg_",86,"(1.75,2]","(0.25,0.5]",0.15,"cg_86"
"87","cg_",87,"(1.75,2]","(0.5,0.75]",0.15,"cg_87"
"88","cg_",88,"(1.75,2]","(0.75,1]",0.15,"cg_88"
"89","cg_",89,"(1.75,2]","(1,1.25]",0.15,"cg_89"
"90","cg_",90,"(1.75,2]","(1.25,1.5]",0.15,"cg_90"
"91","cg_",91,"(1.75,2]","(1.5,1.75]",0.15,"cg_91"
"92","cg_",92,"(1.75,2]","(1.75,2]",0.15,"cg_92"
"93","cg_",93,"(1.75,2]","(2,2.25]",0.15,"cg_93"
"94","cg_",94,"(1.75,2]","(2.25,2.5]",0.15,"cg_94"
"95","cg_",95,"(1.75,2]","(2.5,2.75]",0.15,"cg_95"
"96","cg_",96,"(1.75,2]","(2.75,3]",0.15,"cg_96"
"97","cg_",97,"(2,2.25]","[0,0.25]",0.15,"cg_97"
"98","cg_",98,"(2,2.25]","(0.25,0.5]",0.15,"cg_98"
"99","cg_",99,"(2,2.25]","(0.5,0.75]",0.15,"cg_99"
"100","cg_",100,"(2,2.25]","(0.75,1]",0.15,"cg_100"
"101","cg_",101,"(2,2.25]","(1,1.25]",0.15,"cg_101"
"102","cg_",102,"(2,2.25]","(1.25,1.5]",0.15,"cg_102"
"103","cg_",103,"(2,2.25]","(1.5,1.75]",0.15,"cg_103"
"104","cg_",104,"(2,2.25]","(1.75,2]",0.15,"cg_104"
"105","cg_",105,"(2,2.25]","(2,2.25]",0.15,"cg_105"
"106","cg_",106,"(2,2.25]","(2.25,2.5]",0.15,"cg_106"
"107","cg_",107,"(2,2.25]","(2.5,2.75]",0.15,"cg_107"
"108","cg_",108,"(2,2.25]","(2.75,3]",0.15,"cg_108"
"109","cg_",109,"(2.25,2.5]","[0,0.25]",0.15,"cg_109"
"110","cg_",110,"(2.25,2.5]","(0.25,0.5]",0.15,"cg_110"
"111","cg_",111,"(2.25,2.5]","(0.5,0.75]",0.15,"cg_111"
"112","cg_",112,"(2.25,2.5]","(0.75,1]",0.15,"cg_112"
"113","cg_",113,"(2.25,2.5]","(1,1.25]",0.15,"cg_113"
"114","cg_",114,"(2.25,2.5]","(1.25,1.5]",0.15,"cg_114"
"115","cg_",115,"(2.25,2.5]","(1.5,1.75]",0.15,"cg_115"
"116","cg_",116,"(2.25,2.5]","(1.75,2]",0.15,"cg_116"
"117","cg_",117,"(2.25,2.5]","(2,2.25]",0.15,"cg_117"
"118","cg_",118,"(2.25,2.5]","(2.25,2.5]",0.15,"cg_118"
"119","cg_",119,"(2.25,2.5]","(2.5,2.75]",0.15,"cg_119"
"120","cg_",120,"(2.25,2.5]","(2.75,3]",0.15,"cg_120"
"121","cg_",121,"(2.5,2.75]","[0,0.25]",0.15,"cg_121"
"122","cg_",122,"(2.5,2.75]","(0.25,0.5]",0.15,"cg_122"
"123","cg_",123,"(2.5,2.75]","(0.5,0.75]",0.15,"cg_123"
"124","cg_",124,"(2.5,2.75]","(0.75,1]",0.15,"cg_124"
"125","cg_",125,"(2.5,2.75]","(1,1.25]",0.15,"cg_125"
"126","cg_",126,"(2.5,2.75]","(1.25,1.5]",0.15,"cg_126"
"127","cg_",127,"(2.5,2.75]","(1.5,1.75]",0.15,"cg_127"
"128","cg_",128,"(2.5,2.75]","(1.75,2]",0.15,"cg_128"
"129","cg_",129,"(2.5,2.75]","(2,2.25]",0.15,"cg_129"
"130","cg_",130,"(2.5,2.75]","(2.25,2.5]",0.15,"cg_130"
"131","cg_",131,"(2.5,2.75]","(2.5,2.75]",0.15,"cg_131"
"132","cg_",132,"(2.5,2.75]","(2.75,3]",0.15,"cg_132"
"133","cg_",133,"(2.75,3]","[0,0.25]",0.15,"cg_133"
"134","cg_",134,"(2.75,3]","(0.25,0.5]",0.15,"cg_134"
"135","cg_",135,"(2.75,3]","(0.5,0.75]",0.15,"cg_135"
"136","cg_",136,"(2.75,3]","(0.75,1]",0.15,"cg_136"
"137","cg_",137,"(2.75,3]","(1,1.25]",0.15,"cg_137"
"138","cg_",138,"(2.75,3]","(1.25,1.5]",0.15,"cg_138"
"139","cg_",139,"(2.75,3]","(1.5,1.75]",0.15,"cg_139"
"140","cg_",140,"(2.75,3]","(1.75,2]",0.15,"cg_140"
"141","cg_",141,"(2.75,3]","(2,2.25]",0.15,"cg_141"
"142","cg_",142,"(2.75,3]","(2.25,2.5]",0.15,"cg_142"
"143","cg_",143,"(2.75,3]","(2.5,2.75]",0.15,"cg_143"
"144","cg_",144,"(2.75,3]","(2.75,3]",0.15,"cg_144"
"145","cg_",145,"[0,0.25]","[0,0.25]",0.3,"cg_145"
"146","cg_",146,"[0,0.25]","(0.25,0.5]",0.3,"cg_146"
"147","cg_",147,"[0,0.25]","(0.5,0.75]",0.3,"cg_147"
"148","cg_",148,"[0,0.25]","(0.75,1]",0.3,"cg_148"
"149","cg_",149,"[0,0.25]","(1,1.25]",0.3,"cg_149"
"150","cg_",150,"[0,0.25]","(1.25,1.5]",0.3,"cg_150"
"151","cg_",151,"[0,0.25]","(1.5,1.75]",0.3,"cg_151"
"152","cg_",152,"[0,0.25]","(1.75,2]",0.3,"cg_152"
"153","cg_",153,"[0,0.25]","(2,2.25]",0.3,"cg_153"
"154","cg_",154,"[0,0.25]","(2.25,2.5]",0.3,"cg_154"
"155","cg_",155,"[0,0.25]","(2.5,2.75]",0.3,"cg_155"
"156","cg_",156,"[0,0.25]","(2.75,3]",0.3,"cg_156"
"157","cg_",157,"(0.25,0.5]","[0,0.25]",0.3,"cg_157"
"158","cg_",158,"(0.25,0.5]","(0.25,0.5]",0.3,"cg_158"
"159","cg_",159,"(0.25,0.5]","(0.5,0.75]",0.3,"cg_159"
"160","cg_",160,"(0.25,0.5]","(0.75,1]",0.3,"cg_160"
"161","cg_",161,"(0.25,0.5]","(1,1.25]",0.3,"cg_161"
"162","cg_",162,"(0.25,0.5]","(1.25,1.5]",0.3,"cg_162"
"163","cg_",163,"(0.25,0.5]","(1.5,1.75]",0.3,"cg_163"
"164","cg_",164,"(0.25,0.5]","(1.75,2]",0.3,"cg_164"
"165","cg_",165,"(0.25,0.5]","(2,2.25]",0.3,"cg_165"
"166","cg_",166,"(0.25,0.5]","(2.25,2.5]",0.3,"cg_166"
"167","cg_",167,"(0.25,0.5]","(2.5,2.75]",0.3,"cg_167"
"168","cg_",168,"(0.25,0.5]","(2.75,3]",0.3,"cg_168"
"169","cg_",169,"(0.5,0.75]","[0,0.25]",0.3,"cg_169"
"170","cg_",170,"(0.5,0.75]","(0.25,0.5]",0.3,"cg_170"
"171","cg_",171,"(0.5,0.75]","(0.5,0.75]",0.3,"cg_171"
"172","cg_",172,"(0.5,0.75]","(0.75,1]",0.3,"cg_172"
"173","cg_",173,"(0.5,0.75]","(1,1.25]",0.3,"cg_173"
"174","cg_",174,"(0.5,0.75]","(1.25,1.5]",0.3,"cg_174"
"175","cg_",175,"(0.5,0.75]","(1.5,1.75]",0.3,"cg_175"
"176","cg_",176,"(0.5,0.75]","(1.75,2]",0.3,"cg_176"
"177","cg_",177,"(0.5,0.75]","(2,2.25]",0.3,"cg_177"
"178","cg_",178,"(0.5,0.75]","(2.25,2.5]",0.3,"cg_178"
"179","cg_",179,"(0.5,0.75]","(2.5,2.75]",0.3,"cg_179"
"180","cg_",180,"(0.5,0.75]","(2.75,3]",0.3,"cg_180"
"181","cg_",181,"(0.75,1]","[0,0.25]",0.3,"cg_181"
"182","cg_",182,"(0.75,1]","(0.25,0.5]",0.3,"cg_182"
"183","cg_",183,"(0.75,1]","(0.5,0.75]",0.3,"cg_183"
"184","cg_",184,"(0.75,1]","(0.75,1]",0.3,"cg_184"
"185","cg_",185,"(0.75,1]","(1,1.25]",0.3,"cg_185"
"186","cg_",186,"(0.75,1]","(1.25,1.5]",0.3,"cg_186"
"187","cg_",187,"(0.75,1]","(1.5,1.75]",0.3,"cg_187"
"188","cg_",188,"(0.75,1]","(1.75,2]",0.3,"cg_188"
"189","cg_",189,"(0.75,1]","(2,2.25]",0.3,"cg_189"
"190","cg_",190,"(0.75,1]","(2.25,2.5]",0.3,"cg_190"
"191","cg_",191,"(0.75,1]","(2.5,2.75]",0.3,"cg_191"
"192","cg_",192,"(0.75,1]","(2.75,3]",0.3,"cg_192"
"193","cg_",193,"(1,1.25]","[0,0.25]",0.3,"cg_193"
"194","cg_",194,"(1,1.25]","(0.25,0.5]",0.3,"cg_194"
"195","cg_",195,"(1,1.25]","(0.5,0.75]",0.3,"cg_195"
"196","cg_",196,"(1,1.25]","(0.75,1]",0.3,"cg_196"
"197","cg_",197,"(1,1.25]","(1,1.25]",0.3,"cg_197"
"198","cg_",198,"(1,1.25]","(1.25,1.5]",0.3,"cg_198"
"199","cg_",199,"(1,1.25]","(1.5,1.75]",0.3,"cg_199"
"200","cg_",200,"(1,1.25]","(1.75,2]",0.3,"cg_200"
"201","cg_",201,"(1,1.25]","(2,2.25]",0.3,"cg_201"
"202","cg_",202,"(1,1.25]","(2.25,2.5]",0.3,"cg_202"
"203","cg_",203,"(1,1.25]","(2.5,2.75]",0.3,"cg_203"
"204","cg_",204,"(1,1.25]","(2.75,3]",0.3,"cg_204"
"205","cg_",205,"(1.25,1.5]","[0,0.25]",0.3,"cg_205"
"206","cg_",206,"(1.25,1.5]","(0.25,0.5]",0.3,"cg_206"
"207","cg_",207,"(1.25,1.5]","(0.5,0.75]",0.3,"cg_207"
"208","cg_",208,"(1.25,1.5]","(0.75,1]",0.3,"cg_208"
"209","cg_",209,"(1.25,1.5]","(1,1.25]",0.3,"cg_209"
"210","cg_",210,"(1.25,1.5]","(1.25,1.5]",0.3,"cg_210"
"211","cg_",211,"(1.25,1.5]","(1.5,1.75]",0.3,"cg_211"
"212","cg_",212,"(1.25,1.5]","(1.75,2]",0.3,"cg_212"
"213","cg_",213,"(1.25,1.5]","(2,2.25]",0.3,"cg_213"
"214","cg_",214,"(1.25,1.5]","(2.25,2.5]",0.3,"cg_214"
"215","cg_",215,"(1.25,1.5]","(2.5,2.75]",0.3,"cg_215"
"216","cg_",216,"(1.25,1.5]","(2.75,3]",0.3,"cg_216"
"217","cg_",217,"(1.5,1.75]","[0,0.25]",0.3,"cg_217"
"218","cg_",218,"(1.5,1.75]","(0.25,0.5]",0.3,"cg_218"
"219","cg_",219,"(1.5,1.75]","(0.5,0.75]",0.3,"cg_219"
"220","cg_",220,"(1.5,1.75]","(0.75,1]",0.3,"cg_220"
"221","cg_",221,"(1.5,1.75]","(1,1.25]",0.3,"cg_221"
"222","cg_",222,"(1.5,1.75]","(1.25,1.5]",0.3,"cg_222"
"223","cg_",223,"(1.5,1.75]","(1.5,1.75]",0.3,"cg_223"
"224","cg_",224,"(1.5,1.75]","(1.75,2]",0.3,"cg_224"
"225","cg_",225,"(1.5,1.75]","(2,2.25]",0.3,"cg_225"
"226","cg_",226,"(1.5,1.75]","(2.25,2.5]",0.3,"cg_226"
"227","cg_",227,"(1.5,1.75]","(2.5,2.75]",0.3,"cg_227"
"228","cg_",228,"(1.5,1.75]","(2.75,3]",0.3,"cg_228"
"229","cg_",229,"(1.75,2]","[0,0.25]",0.3,"cg_229"
"230","cg_",230,"(1.75,2]","(0.25,0.5]",0.3,"cg_230"
"231","cg_",231,"(1.75,2]","(0.5,0.75]",0.3,"cg_231"
"232","cg_",232,"(1.75,2]","(0.75,1]",0.3,"cg_232"
"233","cg_",233,"(1.75,2]","(1,1.25]",0.3,"cg_233"
"234","cg_",234,"(1.75,2]","(1.25,1.5]",0.3,"cg_234"
"235","cg_",235,"(1.75,2]","(1.5,1.75]",0.3,"cg_235"
"236","cg_",236,"(1.75,2]","(1.75,2]",0.3,"cg_236"
"237","cg_",237,"(1.75,2]","(2,2.25]",0.3,"cg_237"
"238","cg_",238,"(1.75,2]","(2.25,2.5]",0.3,"cg_238"
"239","cg_",239,"(1.75,2]","(2.5,2.75]",0.3,"cg_239"
"240","cg_",240,"(1.75,2]","(2.75,3]",0.3,"cg_240"
"241","cg_",241,"(2,2.25]","[0,0.25]",0.3,"cg_241"
"242","cg_",242,"(2,2.25]","(0.25,0.5]",0.3,"cg_242"
"243","cg_",243,"(2,2.25]","(0.5,0.75]",0.3,"cg_243"
"244","cg_",244,"(2,2.25]","(0.75,1]",0.3,"cg_244"
"245","cg_",245,"(2,2.25]","(1,1.25]",0.3,"cg_245"
"246","cg_",246,"(2,2.25]","(1.25,1.5]",0.3,"cg_246"
"247","cg_",247,"(2,2.25]","(1.5,1.75]",0.3,"cg_247"
"248","cg_",248,"(2,2.25]","(1.75,2]",0.3,"cg_248"
"249","cg_",249,"(2,2.25]","(2,2.25]",0.3,"cg_249"
"250","cg_",250,"(2,2.25]","(2.25,2.5]",0.3,"cg_250"
"251","cg_",251,"(2,2.25]","(2.5,2.75]",0.3,"cg_251"
"252","cg_",252,"(2,2.25]","(2.75,3]",0.3,"cg_252"
"253","cg_",253,"(2.25,2.5]","[0,0.25]",0.3,"cg_253"
"254","cg_",254,"(2.25,2.5]","(0.25,0.5]",0.3,"cg_254"
"255","cg_",255,"(2.25,2.5]","(0.5,0.75]",0.3,"cg_255"
"256","cg_",256,"(2.25,2.5]","(0.75,1]",0.3,"cg_256"
"257","cg_",257,"(2.25,2.5]","(1,1.25]",0.3,"cg_257"
"258","cg_",258,"(2.25,2.5]","(1.25,1.5]",0.3,"cg_258"
"259","cg_",259,"(2.25,2.5]","(1.5,1.75]",0.3,"cg_259"
"260","cg_",260,"(2.25,2.5]","(1.75,2]",0.3,"cg_260"
"261","cg_",261,"(2.25,2.5]","(2,2.25]",0.3,"cg_261"
"262","cg_",262,"(2.25,2.5]","(2.25,2.5]",0.3,"cg_262"
"263","cg_",263,"(2.25,2.5]","(2.5,2.75]",0.3,"cg_263"
"264","cg_",264,"(2.25,2.5]","(2.75,3]",0.3,"cg_264"
"265","cg_",265,"(2.5,2.75]","[0,0.25]",0.3,"cg_265"
"266","cg_",266,"(2.5,2.75]","(0.25,0.5]",0.3,"cg_266"
"267","cg_",267,"(2.5,2.75]","(0.5,0.75]",0.3,"cg_267"
"268","cg_",268,"(2.5,2.75]","(0.75,1]",0.3,"cg_268"
"269","cg_",269,"(2.5,2.75]","(1,1.25]",0.3,"cg_269"
"270","cg_",270,"(2.5,2.75]","(1.25,1.5]",0.3,"cg_270"
"271","cg_",271,"(2.5,2.75]","(1.5,1.75]",0.3,"cg_271"
"272","cg_",272,"(2.5,2.75]","(1.75,2]",0.3,"cg_272"
"273","cg_",273,"(2.5,2.75]","(2,2.25]",0.3,"cg_273"
"274","cg_",274,"(2.5,2.75]","(2.25,2.5]",0.3,"cg_274"
"275","cg_",275,"(2.5,2.75]","(2.5,2.75]",0.3,"cg_275"
"276","cg_",276,"(2.5,2.75]","(2.75,3]",0.3,"cg_276"
"277","cg_",277,"(2.75,3]","[0,0.25]",0.3,"cg_277"
"278","cg_",278,"(2.75,3]","(0.25,0.5]",0.3,"cg_278"
"279","cg_",279,"(2.75,3]","(0.5,0.75]",0.3,"cg_279"
"280","cg_",280,"(2.75,3]","(0.75,1]",0.3,"cg_280"
"281","cg_",281,"(2.75,3]","(1,1.25]",0.3,"cg_281"
"282","cg_",282,"(2.75,3]","(1.25,1.5]",0.3,"cg_282"
"283","cg_",283,"(2.75,3]","(1.5,1.75]",0.3,"cg_283"
"284","cg_",284,"(2.75,3]","(1.75,2]",0.3,"cg_284"
"285","cg_",285,"(2.75,3]","(2,2.25]",0.3,"cg_285"
"286","cg_",286,"(2.75,3]","(2.25,2.5]",0.3,"cg_286"
"287","cg_",287,"(2.75,3]","(2.5,2.75]",0.3,"cg_287"
"288","cg_",288,"(2.75,3]","(2.75,3]",0.3,"cg_288"
"289","cg_",289,"[0,0.25]","[0,0.25]",0.45,"cg_289"
"290","cg_",290,"[0,0.25]","(0.25,0.5]",0.45,"cg_290"
"291","cg_",291,"[0,0.25]","(0.5,0.75]",0.45,"cg_291"
"292","cg_",292,"[0,0.25]","(0.75,1]",0.45,"cg_292"
"293","cg_",293,"[0,0.25]","(1,1.25]",0.45,"cg_293"
"294","cg_",294,"[0,0.25]","(1.25,1.5]",0.45,"cg_294"
"295","cg_",295,"[0,0.25]","(1.5,1.75]",0.45,"cg_295"
"296","cg_",296,"[0,0.25]","(1.75,2]",0.45,"cg_296"
"297","cg_",297,"[0,0.25]","(2,2.25]",0.45,"cg_297"
"298","cg_",298,"[0,0.25]","(2.25,2.5]",0.45,"cg_298"
"299","cg_",299,"[0,0.25]","(2.5,2.75]",0.45,"cg_299"
"300","cg_",300,"[0,0.25]","(2.75,3]",0.45,"cg_300"
"301","cg_",301,"(0.25,0.5]","[0,0.25]",0.45,"cg_301"
"302","cg_",302,"(0.25,0.5]","(0.25,0.5]",0.45,"cg_302"
"303","cg_",303,"(0.25,0.5]","(0.5,0.75]",0.45,"cg_303"
"304","cg_",304,"(0.25,0.5]","(0.75,1]",0.45,"cg_304"
"305","cg_",305,"(0.25,0.5]","(1,1.25]",0.45,"cg_305"
"306","cg_",306,"(0.25,0.5]","(1.25,1.5]",0.45,"cg_306"
"307","cg_",307,"(0.25,0.5]","(1.5,1.75]",0.45,"cg_307"
"308","cg_",308,"(0.25,0.5]","(1.75,2]",0.45,"cg_308"
"309","cg_",309,"(0.25,0.5]","(2,2.25]",0.45,"cg_309"
"310","cg_",310,"(0.25,0.5]","(2.25,2.5]",0.45,"cg_310"
"311","cg_",311,"(0.25,0.5]","(2.5,2.75]",0.45,"cg_311"
"312","cg_",312,"(0.25,0.5]","(2.75,3]",0.45,"cg_312"
"313","cg_",313,"(0.5,0.75]","[0,0.25]",0.45,"cg_313"
"314","cg_",314,"(0.5,0.75]","(0.25,0.5]",0.45,"cg_314"
"315","cg_",315,"(0.5,0.75]","(0.5,0.75]",0.45,"cg_315"
"316","cg_",316,"(0.5,0.75]","(0.75,1]",0.45,"cg_316"
"317","cg_",317,"(0.5,0.75]","(1,1.25]",0.45,"cg_317"
"318","cg_",318,"(0.5,0.75]","(1.25,1.5]",0.45,"cg_318"
"319","cg_",319,"(0.5,0.75]","(1.5,1.75]",0.45,"cg_319"
"320","cg_",320,"(0.5,0.75]","(1.75,2]",0.45,"cg_320"
"321","cg_",321,"(0.5,0.75]","(2,2.25]",0.45,"cg_321"
"322","cg_",322,"(0.5,0.75]","(2.25,2.5]",0.45,"cg_322"
"323","cg_",323,"(0.5,0.75]","(2.5,2.75]",0.45,"cg_323"
"324","cg_",324,"(0.5,0.75]","(2.75,3]",0.45,"cg_324"
"325","cg_",325,"(0.75,1]","[0,0.25]",0.45,"cg_325"
"326","cg_",326,"(0.75,1]","(0.25,0.5]",0.45,"cg_326"
"327","cg_",327,"(0.75,1]","(0.5,0.75]",0.45,"cg_327"
"328","cg_",328,"(0.75,1]","(0.75,1]",0.45,"cg_328"
"329","cg_",329,"(0.75,1]","(1,1.25]",0.45,"cg_329"
"330","cg_",330,"(0.75,1]","(1.25,1.5]",0.45,"cg_330"
"331","cg_",331,"(0.75,1]","(1.5,1.75]",0.45,"cg_331"
"332","cg_",332,"(0.75,1]","(1.75,2]",0.45,"cg_332"
"333","cg_",333,"(0.75,1]","(2,2.25]",0.45,"cg_333"
"334","cg_",334,"(0.75,1]","(2.25,2.5]",0.45,"cg_334"
"335","cg_",335,"(0.75,1]","(2.5,2.75]",0.45,"cg_335"
"336","cg_",336,"(0.75,1]","(2.75,3]",0.45,"cg_336"
"337","cg_",337,"(1,1.25]","[0,0.25]",0.45,"cg_337"
"338","cg_",338,"(1,1.25]","(0.25,0.5]",0.45,"cg_338"
"339","cg_",339,"(1,1.25]","(0.5,0.75]",0.45,"cg_339"
"340","cg_",340,"(1,1.25]","(0.75,1]",0.45,"cg_340"
"341","cg_",341,"(1,1.25]","(1,1.25]",0.45,"cg_341"
"342","cg_",342,"(1,1.25]","(1.25,1.5]",0.45,"cg_342"
"343","cg_",343,"(1,1.25]","(1.5,1.75]",0.45,"cg_343"
"344","cg_",344,"(1,1.25]","(1.75,2]",0.45,"cg_344"
"345","cg_",345,"(1,1.25]","(2,2.25]",0.45,"cg_345"
"346","cg_",346,"(1,1.25]","(2.25,2.5]",0.45,"cg_346"
"347","cg_",347,"(1,1.25]","(2.5,2.75]",0.45,"cg_347"
"348","cg_",348,"(1,1.25]","(2.75,3]",0.45,"cg_348"
"349","cg_",349,"(1.25,1.5]","[0,0.25]",0.45,"cg_349"
"350","cg_",350,"(1.25,1.5]","(0.25,0.5]",0.45,"cg_350"
"351","cg_",351,"(1.25,1.5]","(0.5,0.75]",0.45,"cg_351"
"352","cg_",352,"(1.25,1.5]","(0.75,1]",0.45,"cg_352"
"353","cg_",353,"(1.25,1.5]","(1,1.25]",0.45,"cg_353"
"354","cg_",354,"(1.25,1.5]","(1.25,1.5]",0.45,"cg_354"
"355","cg_",355,"(1.25,1.5]","(1.5,1.75]",0.45,"cg_355"
"356","cg_",356,"(1.25,1.5]","(1.75,2]",0.45,"cg_356"
"357","cg_",357,"(1.25,1.5]","(2,2.25]",0.45,"cg_357"
"358","cg_",358,"(1.25,1.5]","(2.25,2.5]",0.45,"cg_358"
"359","cg_",359,"(1.25,1.5]","(2.5,2.75]",0.45,"cg_359"
"360","cg_",360,"(1.25,1.5]","(2.75,3]",0.45,"cg_360"
"361","cg_",361,"(1.5,1.75]","[0,0.25]",0.45,"cg_361"
"362","cg_",362,"(1.5,1.75]","(0.25,0.5]",0.45,"cg_362"
"363","cg_",363,"(1.5,1.75]","(0.5,0.75]",0.45,"cg_363"
"364","cg_",364,"(1.5,1.75]","(0.75,1]",0.45,"cg_364"
"365","cg_",365,"(1.5,1.75]","(1,1.25]",0.45,"cg_365"
"366","cg_",366,"(1.5,1.75]","(1.25,1.5]",0.45,"cg_366"
"367","cg_",367,"(1.5,1.75]","(1.5,1.75]",0.45,"cg_367"
"368","cg_",368,"(1.5,1.75]","(1.75,2]",0.45,"cg_368"
"369","cg_",369,"(1.5,1.75]","(2,2.25]",0.45,"cg_369"
"370","cg_",370,"(1.5,1.75]","(2.25,2.5]",0.45,"cg_370"
"371","cg_",371,"(1.5,1.75]","(2.5,2.75]",0.45,"cg_371"
"372","cg_",372,"(1.5,1.75]","(2.75,3]",0.45,"cg_372"
"373","cg_",373,"(1.75,2]","[0,0.25]",0.45,"cg_373"
"374","cg_",374,"(1.75,2]","(0.25,0.5]",0.45,"cg_374"
"375","cg_",375,"(1.75,2]","(0.5,0.75]",0.45,"cg_375"
"376","cg_",376,"(1.75,2]","(0.75,1]",0.45,"cg_376"
"377","cg_",377,"(1.75,2]","(1,1.25]",0.45,"cg_377"
"378","cg_",378,"(1.75,2]","(1.25,1.5]",0.45,"cg_378"
"379","cg_",379,"(1.75,2]","(1.5,1.75]",0.45,"cg_379"
"380","cg_",380,"(1.75,2]","(1.75,2]",0.45,"cg_380"
"381","cg_",381,"(1.75,2]","(2,2.25]",0.45,"cg_381"
"382","cg_",382,"(1.75,2]","(2.25,2.5]",0.45,"cg_382"
"383","cg_",383,"(1.75,2]","(2.5,2.75]",0.45,"cg_383"
"384","cg_",384,"(1.75,2]","(2.75,3]",0.45,"cg_384"
"385","cg_",385,"(2,2.25]","[0,0.25]",0.45,"cg_385"
"386","cg_",386,"(2,2.25]","(0.25,0.5]",0.45,"cg_386"
"387","cg_",387,"(2,2.25]","(0.5,0.75]",0.45,"cg_387"
"388","cg_",388,"(2,2.25]","(0.75,1]",0.45,"cg_388"
"389","cg_",389,"(2,2.25]","(1,1.25]",0.45,"cg_389"
"390","cg_",390,"(2,2.25]","(1.25,1.5]",0.45,"cg_390"
"391","cg_",391,"(2,2.25]","(1.5,1.75]",0.45,"cg_391"
"392","cg_",392,"(2,2.25]","(1.75,2]",0.45,"cg_392"
"393","cg_",393,"(2,2.25]","(2,2.25]",0.45,"cg_393"
"394","cg_",394,"(2,2.25]","(2.25,2.5]",0.45,"cg_394"
"395","cg_",395,"(2,2.25]","(2.5,2.75]",0.45,"cg_395"
"396","cg_",396,"(2,2.25]","(2.75,3]",0.45,"cg_396"
"397","cg_",397,"(2.25,2.5]","[0,0.25]",0.45,"cg_397"
"398","cg_",398,"(2.25,2.5]","(0.25,0.5]",0.45,"cg_398"
"399","cg_",399,"(2.25,2.5]","(0.5,0.75]",0.45,"cg_399"
"400","cg_",400,"(2.25,2.5]","(0.75,1]",0.45,"cg_400"
"401","cg_",401,"(2.25,2.5]","(1,1.25]",0.45,"cg_401"
"402","cg_",402,"(2.25,2.5]","(1.25,1.5]",0.45,"cg_402"
"403","cg_",403,"(2.25,2.5]","(1.5,1.75]",0.45,"cg_403"
"404","cg_",404,"(2.25,2.5]","(1.75,2]",0.45,"cg_404"
"405","cg_",405,"(2.25,2.5]","(2,2.25]",0.45,"cg_405"
"406","cg_",406,"(2.25,2.5]","(2.25,2.5]",0.45,"cg_406"
"407","cg_",407,"(2.25,2.5]","(2.5,2.75]",0.45,"cg_407"
"408","cg_",408,"(2.25,2.5]","(2.75,3]",0.45,"cg_408"
"409","cg_",409,"(2.5,2.75]","[0,0.25]",0.45,"cg_409"
"410","cg_",410,"(2.5,2.75]","(0.25,0.5]",0.45,"cg_410"
"411","cg_",411,"(2.5,2.75]","(0.5,0.75]",0.45,"cg_411"
"412","cg_",412,"(2.5,2.75]","(0.75,1]",0.45,"cg_412"
"413","cg_",413,"(2.5,2.75]","(1,1.25]",0.45,"cg_413"
"414","cg_",414,"(2.5,2.75]","(1.25,1.5]",0.45,"cg_414"
"415","cg_",415,"(2.5,2.75]","(1.5,1.75]",0.45,"cg_415"
"416","cg_",416,"(2.5,2.75]","(1.75,2]",0.45,"cg_416"
"417","cg_",417,"(2.5,2.75]","(2,2.25]",0.45,"cg_417"
"418","cg_",418,"(2.5,2.75]","(2.25,2.5]",0.45,"cg_418"
"419","cg_",419,"(2.5,2.75]","(2.5,2.75]",0.45,"cg_419"
"420","cg_",420,"(2.5,2.75]","(2.75,3]",0.45,"cg_420"
"421","cg_",421,"(2.75,3]","[0,0.25]",0.45,"cg_421"
"422","cg_",422,"(2.75,3]","(0.25,0.5]",0.45,"cg_422"
"423","cg_",423,"(2.75,3]","(0.5,0.75]",0.45,"cg_423"
"424","cg_",424,"(2.75,3]","(0.75,1]",0.45,"cg_424"
"425","cg_",425,"(2.75,3]","(1,1.25]",0.45,"cg_425"
"426","cg_",426,"(2.75,3]","(1.25,1.5]",0.45,"cg_426"
"427","cg_",427,"(2.75,3]","(1.5,1.75]",0.45,"cg_427"
"428","cg_",428,"(2.75,3]","(1.75,2]",0.45,"cg_428"
"429","cg_",429,"(2.75,3]","(2,2.25]",0.45,"cg_429"
"430","cg_",430,"(2.75,3]","(2.25,2.5]",0.45,"cg_430"
"431","cg_",431,"(2.75,3]","(2.5,2.75]",0.45,"cg_431"
"432","cg_",432,"(2.75,3]","(2.75,3]",0.45,"cg_432"
"433","cg_",433,"[0,0.25]","[0,0.25]",0.6,"cg_433"
"434","cg_",434,"[0,0.25]","(0.25,0.5]",0.6,"cg_434"
"435","cg_",435,"[0,0.25]","(0.5,0.75]",0.6,"cg_435"
"436","cg_",436,"[0,0.25]","(0.75,1]",0.6,"cg_436"
"437","cg_",437,"[0,0.25]","(1,1.25]",0.6,"cg_437"
"438","cg_",438,"[0,0.25]","(1.25,1.5]",0.6,"cg_438"
"439","cg_",439,"[0,0.25]","(1.5,1.75]",0.6,"cg_439"
"440","cg_",440,"[0,0.25]","(1.75,2]",0.6,"cg_440"
"441","cg_",441,"[0,0.25]","(2,2.25]",0.6,"cg_441"
"442","cg_",442,"[0,0.25]","(2.25,2.5]",0.6,"cg_442"
"443","cg_",443,"[0,0.25]","(2.5,2.75]",0.6,"cg_443"
"444","cg_",444,"[0,0.25]","(2.75,3]",0.6,"cg_444"
"445","cg_",445,"(0.25,0.5]","[0,0.25]",0.6,"cg_445"
"446","cg_",446,"(0.25,0.5]","(0.25,0.5]",0.6,"cg_446"
"447","cg_",447,"(0.25,0.5]","(0.5,0.75]",0.6,"cg_447"
"448","cg_",448,"(0.25,0.5]","(0.75,1]",0.6,"cg_448"
"449","cg_",449,"(0.25,0.5]","(1,1.25]",0.6,"cg_449"
"450","cg_",450,"(0.25,0.5]","(1.25,1.5]",0.6,"cg_450"
"451","cg_",451,"(0.25,0.5]","(1.5,1.75]",0.6,"cg_451"
"452","cg_",452,"(0.25,0.5]","(1.75,2]",0.6,"cg_452"
"453","cg_",453,"(0.25,0.5]","(2,2.25]",0.6,"cg_453"
"454","cg_",454,"(0.25,0.5]","(2.25,2.5]",0.6,"cg_454"
"455","cg_",455,"(0.25,0.5]","(2.5,2.75]",0.6,"cg_455"
"456","cg_",456,"(0.25,0.5]","(2.75,3]",0.6,"cg_456"
"457","cg_",457,"(0.5,0.75]","[0,0.25]",0.6,"cg_457"
"458","cg_",458,"(0.5,0.75]","(0.25,0.5]",0.6,"cg_458"
"459","cg_",459,"(0.5,0.75]","(0.5,0.75]",0.6,"cg_459"
"460","cg_",460,"(0.5,0.75]","(0.75,1]",0.6,"cg_460"
"461","cg_",461,"(0.5,0.75]","(1,1.25]",0.6,"cg_461"
"462","cg_",462,"(0.5,0.75]","(1.25,1.5]",0.6,"cg_462"
"463","cg_",463,"(0.5,0.75]","(1.5,1.75]",0.6,"cg_463"
"464","cg_",464,"(0.5,0.75]","(1.75,2]",0.6,"cg_464"
"465","cg_",465,"(0.5,0.75]","(2,2.25]",0.6,"cg_465"
"466","cg_",466,"(0.5,0.75]","(2.25,2.5]",0.6,"cg_466"
"467","cg_",467,"(0.5,0.75]","(2.5,2.75]",0.6,"cg_467"
"468","cg_",468,"(0.5,0.75]","(2.75,3]",0.6,"cg_468"
"469","cg_",469,"(0.75,1]","[0,0.25]",0.6,"cg_469"
"470","cg_",470,"(0.75,1]","(0.25,0.5]",0.6,"cg_470"
"471","cg_",471,"(0.75,1]","(0.5,0.75]",0.6,"cg_471"
"472","cg_",472,"(0.75,1]","(0.75,1]",0.6,"cg_472"
"473","cg_",473,"(0.75,1]","(1,1.25]",0.6,"cg_473"
"474","cg_",474,"(0.75,1]","(1.25,1.5]",0.6,"cg_474"
"475","cg_",475,"(0.75,1]","(1.5,1.75]",0.6,"cg_475"
"476","cg_",476,"(0.75,1]","(1.75,2]",0.6,"cg_476"
"477","cg_",477,"(0.75,1]","(2,2.25]",0.6,"cg_477"
"478","cg_",478,"(0.75,1]","(2.25,2.5]",0.6,"cg_478"
"479","cg_",479,"(0.75,1]","(2.5,2.75]",0.6,"cg_479"
"480","cg_",480,"(0.75,1]","(2.75,3]",0.6,"cg_480"
"481","cg_",481,"(1,1.25]","[0,0.25]",0.6,"cg_481"
"482","cg_",482,"(1,1.25]","(0.25,0.5]",0.6,"cg_482"
"483","cg_",483,"(1,1.25]","(0.5,0.75]",0.6,"cg_483"
"484","cg_",484,"(1,1.25]","(0.75,1]",0.6,"cg_484"
"485","cg_",485,"(1,1.25]","(1,1.25]",0.6,"cg_485"
"486","cg_",486,"(1,1.25]","(1.25,1.5]",0.6,"cg_486"
"487","cg_",487,"(1,1.25]","(1.5,1.75]",0.6,"cg_487"
"488","cg_",488,"(1,1.25]","(1.75,2]",0.6,"cg_488"
"489","cg_",489,"(1,1.25]","(2,2.25]",0.6,"cg_489"
"490","cg_",490,"(1,1.25]","(2.25,2.5]",0.6,"cg_490"
"491","cg_",491,"(1,1.25]","(2.5,2.75]",0.6,"cg_491"
"492","cg_",492,"(1,1.25]","(2.75,3]",0.6,"cg_492"
"493","cg_",493,"(1.25,1.5]","[0,0.25]",0.6,"cg_493"
"494","cg_",494,"(1.25,1.5]","(0.25,0.5]",0.6,"cg_494"
"495","cg_",495,"(1.25,1.5]","(0.5,0.75]",0.6,"cg_495"
"496","cg_",496,"(1.25,1.5]","(0.75,1]",0.6,"cg_496"
"497","cg_",497,"(1.25,1.5]","(1,1.25]",0.6,"cg_497"
"498","cg_",498,"(1.25,1.5]","(1.25,1.5]",0.6,"cg_498"
"499","cg_",499,"(1.25,1.5]","(1.5,1.75]",0.6,"cg_499"
"500","cg_",500,"(1.25,1.5]","(1.75,2]",0.6,"cg_500"
"501","cg_",501,"(1.25,1.5]","(2,2.25]",0.6,"cg_501"
"502","cg_",502,"(1.25,1.5]","(2.25,2.5]",0.6,"cg_502"
"503","cg_",503,"(1.25,1.5]","(2.5,2.75]",0.6,"cg_503"
"504","cg_",504,"(1.25,1.5]","(2.75,3]",0.6,"cg_504"
"505","cg_",505,"(1.5,1.75]","[0,0.25]",0.6,"cg_505"
"506","cg_",506,"(1.5,1.75]","(0.25,0.5]",0.6,"cg_506"
"507","cg_",507,"(1.5,1.75]","(0.5,0.75]",0.6,"cg_507"
"508","cg_",508,"(1.5,1.75]","(0.75,1]",0.6,"cg_508"
"509","cg_",509,"(1.5,1.75]","(1,1.25]",0.6,"cg_509"
"510","cg_",510,"(1.5,1.75]","(1.25,1.5]",0.6,"cg_510"
"511","cg_",511,"(1.5,1.75]","(1.5,1.75]",0.6,"cg_511"
"512","cg_",512,"(1.5,1.75]","(1.75,2]",0.6,"cg_512"
"513","cg_",513,"(1.5,1.75]","(2,2.25]",0.6,"cg_513"
"514","cg_",514,"(1.5,1.75]","(2.25,2.5]",0.6,"cg_514"
"515","cg_",515,"(1.5,1.75]","(2.5,2.75]",0.6,"cg_515"
"516","cg_",516,"(1.5,1.75]","(2.75,3]",0.6,"cg_516"
"517","cg_",517,"(1.75,2]","[0,0.25]",0.6,"cg_517"
"518","cg_",518,"(1.75,2]","(0.25,0.5]",0.6,"cg_518"
"519","cg_",519,"(1.75,2]","(0.5,0.75]",0.6,"cg_519"
"520","cg_",520,"(1.75,2]","(0.75,1]",0.6,"cg_520"
"521","cg_",521,"(1.75,2]","(1,1.25]",0.6,"cg_521"
"522","cg_",522,"(1.75,2]","(1.25,1.5]",0.6,"cg_522"
"523","cg_",523,"(1.75,2]","(1.5,1.75]",0.6,"cg_523"
"524","cg_",524,"(1.75,2]","(1.75,2]",0.6,"cg_524"
"525","cg_",525,"(1.75,2]","(2,2.25]",0.6,"cg_525"
"526","cg_",526,"(1.75,2]","(2.25,2.5]",0.6,"cg_526"
"527","cg_",527,"(1.75,2]","(2.5,2.75]",0.6,"cg_527"
"528","cg_",528,"(1.75,2]","(2.75,3]",0.6,"cg_528"
"529","cg_",529,"(2,2.25]","[0,0.25]",0.6,"cg_529"
"530","cg_",530,"(2,2.25]","(0.25,0.5]",0.6,"cg_530"
"531","cg_",531,"(2,2.25]","(0.5,0.75]",0.6,"cg_531"
"532","cg_",532,"(2,2.25]","(0.75,1]",0.6,"cg_532"
"533","cg_",533,"(2,2.25]","(1,1.25]",0.6,"cg_533"
"534","cg_",534,"(2,2.25]","(1.25,1.5]",0.6,"cg_534"
"535","cg_",535,"(2,2.25]","(1.5,1.75]",0.6,"cg_535"
"536","cg_",536,"(2,2.25]","(1.75,2]",0.6,"cg_536"
"537","cg_",537,"(2,2.25]","(2,2.25]",0.6,"cg_537"
"538","cg_",538,"(2,2.25]","(2.25,2.5]",0.6,"cg_538"
"539","cg_",539,"(2,2.25]","(2.5,2.75]",0.6,"cg_539"
"540","cg_",540,"(2,2.25]","(2.75,3]",0.6,"cg_540"
"541","cg_",541,"(2.25,2.5]","[0,0.25]",0.6,"cg_541"
"542","cg_",542,"(2.25,2.5]","(0.25,0.5]",0.6,"cg_542"
"543","cg_",543,"(2.25,2.5]","(0.5,0.75]",0.6,"cg_543"
"544","cg_",544,"(2.25,2.5]","(0.75,1]",0.6,"cg_544"
"545","cg_",545,"(2.25,2.5]","(1,1.25]",0.6,"cg_545"
"546","cg_",546,"(2.25,2.5]","(1.25,1.5]",0.6,"cg_546"
"547","cg_",547,"(2.25,2.5]","(1.5,1.75]",0.6,"cg_547"
"548","cg_",548,"(2.25,2.5]","(1.75,2]",0.6,"cg_548"
"549","cg_",549,"(2.25,2.5]","(2,2.25]",0.6,"cg_549"
"550","cg_",550,"(2.25,2.5]","(2.25,2.5]",0.6,"cg_550"
"551","cg_",551,"(2.25,2.5]","(2.5,2.75]",0.6,"cg_551"
"552","cg_",552,"(2.25,2.5]","(2.75,3]",0.6,"cg_552"
"553","cg_",553,"(2.5,2.75]","[0,0.25]",0.6,"cg_553"
"554","cg_",554,"(2.5,2.75]","(0.25,0.5]",0.6,"cg_554"
"555","cg_",555,"(2.5,2.75]","(0.5,0.75]",0.6,"cg_555"
"556","cg_",556,"(2.5,2.75]","(0.75,1]",0.6,"cg_556"
"557","cg_",557,"(2.5,2.75]","(1,1.25]",0.6,"cg_557"
"558","cg_",558,"(2.5,2.75]","(1.25,1.5]",0.6,"cg_558"
"559","cg_",559,"(2.5,2.75]","(1.5,1.75]",0.6,"cg_559"
"560","cg_",560,"(2.5,2.75]","(1.75,2]",0.6,"cg_560"
"561","cg_",561,"(2.5,2.75]","(2,2.25]",0.6,"cg_561"
"562","cg_",562,"(2.5,2.75]","(2.25,2.5]",0.6,"cg_562"
"563","cg_",563,"(2.5,2.75]","(2.5,2.75]",0.6,"cg_563"
"564","cg_",564,"(2.5,2.75]","(2.75,3]",0.6,"cg_564"
"565","cg_",565,"(2.75,3]","[0,0.25]",0.6,"cg_565"
"566","cg_",566,"(2.75,3]","(0.25,0.5]",0.6,"cg_566"
"567","cg_",567,"(2.75,3]","(0.5,0.75]",0.6,"cg_567"
"568","cg_",568,"(2.75,3]","(0.75,1]",0.6,"cg_568"
"569","cg_",569,"(2.75,3]","(1,1.25]",0.6,"cg_569"
"570","cg_",570,"(2.75,3]","(1.25,1.5]",0.6,"cg_570"
"571","cg_",571,"(2.75,3]","(1.5,1.75]",0.6,"cg_571"
"572","cg_",572,"(2.75,3]","(1.75,2]",0.6,"cg_572"
"573","cg_",573,"(2.75,3]","(2,2.25]",0.6,"cg_573"
"574","cg_",574,"(2.75,3]","(2.25,2.5]",0.6,"cg_574"
"575","cg_",575,"(2.75,3]","(2.5,2.75]",0.6,"cg_575"
"576","cg_",576,"(2.75,3]","(2.75,3]",0.6,"cg_576"
"577","cg_",577,"[0,0.25]","[0,0.25]",0.75,"cg_577"
"578","cg_",578,"[0,0.25]","(0.25,0.5]",0.75,"cg_578"
"579","cg_",579,"[0,0.25]","(0.5,0.75]",0.75,"cg_579"
"580","cg_",580,"[0,0.25]","(0.75,1]",0.75,"cg_580"
"581","cg_",581,"[0,0.25]","(1,1.25]",0.75,"cg_581"
"582","cg_",582,"[0,0.25]","(1.25,1.5]",0.75,"cg_582"
"583","cg_",583,"[0,0.25]","(1.5,1.75]",0.75,"cg_583"
"584","cg_",584,"[0,0.25]","(1.75,2]",0.75,"cg_584"
"585","cg_",585,"[0,0.25]","(2,2.25]",0.75,"cg_585"
"586","cg_",586,"[0,0.25]","(2.25,2.5]",0.75,"cg_586"
"587","cg_",587,"[0,0.25]","(2.5,2.75]",0.75,"cg_587"
"588","cg_",588,"[0,0.25]","(2.75,3]",0.75,"cg_588"
"589","cg_",589,"(0.25,0.5]","[0,0.25]",0.75,"cg_589"
"590","cg_",590,"(0.25,0.5]","(0.25,0.5]",0.75,"cg_590"
"591","cg_",591,"(0.25,0.5]","(0.5,0.75]",0.75,"cg_591"
"592","cg_",592,"(0.25,0.5]","(0.75,1]",0.75,"cg_592"
"593","cg_",593,"(0.25,0.5]","(1,1.25]",0.75,"cg_593"
"594","cg_",594,"(0.25,0.5]","(1.25,1.5]",0.75,"cg_594"
"595","cg_",595,"(0.25,0.5]","(1.5,1.75]",0.75,"cg_595"
"596","cg_",596,"(0.25,0.5]","(1.75,2]",0.75,"cg_596"
"597","cg_",597,"(0.25,0.5]","(2,2.25]",0.75,"cg_597"
"598","cg_",598,"(0.25,0.5]","(2.25,2.5]",0.75,"cg_598"
"599","cg_",599,"(0.25,0.5]","(2.5,2.75]",0.75,"cg_599"
"600","cg_",600,"(0.25,0.5]","(2.75,3]",0.75,"cg_600"
"601","cg_",601,"(0.5,0.75]","[0,0.25]",0.75,"cg_601"
"602","cg_",602,"(0.5,0.75]","(0.25,0.5]",0.75,"cg_602"
"603","cg_",603,"(0.5,0.75]","(0.5,0.75]",0.75,"cg_603"
"604","cg_",604,"(0.5,0.75]","(0.75,1]",0.75,"cg_604"
"605","cg_",605,"(0.5,0.75]","(1,1.25]",0.75,"cg_605"
"606","cg_",606,"(0.5,0.75]","(1.25,1.5]",0.75,"cg_606"
"607","cg_",607,"(0.5,0.75]","(1.5,1.75]",0.75,"cg_607"
"608","cg_",608,"(0.5,0.75]","(1.75,2]",0.75,"cg_608"
"609","cg_",609,"(0.5,0.75]","(2,2.25]",0.75,"cg_609"
"610","cg_",610,"(0.5,0.75]","(2.25,2.5]",0.75,"cg_610"
"611","cg_",611,"(0.5,0.75]","(2.5,2.75]",0.75,"cg_611"
"612","cg_",612,"(0.5,0.75]","(2.75,3]",0.75,"cg_612"
"613","cg_",613,"(0.75,1]","[0,0.25]",0.75,"cg_613"
"614","cg_",614,"(0.75,1]","(0.25,0.5]",0.75,"cg_614"
"615","cg_",615,"(0.75,1]","(0.5,0.75]",0.75,"cg_615"
"616","cg_",616,"(0.75,1]","(0.75,1]",0.75,"cg_616"
"617","cg_",617,"(0.75,1]","(1,1.25]",0.75,"cg_617"
"618","cg_",618,"(0.75,1]","(1.25,1.5]",0.75,"cg_618"
"619","cg_",619,"(0.75,1]","(1.5,1.75]",0.75,"cg_619"
"620","cg_",620,"(0.75,1]","(1.75,2]",0.75,"cg_620"
"621","cg_",621,"(0.75,1]","(2,2.25]",0.75,"cg_621"
"622","cg_",622,"(0.75,1]","(2.25,2.5]",0.75,"cg_622"
"623","cg_",623,"(0.75,1]","(2.5,2.75]",0.75,"cg_623"
"624","cg_",624,"(0.75,1]","(2.75,3]",0.75,"cg_624"
"625","cg_",625,"(1,1.25]","[0,0.25]",0.75,"cg_625"
"626","cg_",626,"(1,1.25]","(0.25,0.5]",0.75,"cg_626"
"627","cg_",627,"(1,1.25]","(0.5,0.75]",0.75,"cg_627"
"628","cg_",628,"(1,1.25]","(0.75,1]",0.75,"cg_628"
"629","cg_",629,"(1,1.25]","(1,1.25]",0.75,"cg_629"
"630","cg_",630,"(1,1.25]","(1.25,1.5]",0.75,"cg_630"
"631","cg_",631,"(1,1.25]","(1.5,1.75]",0.75,"cg_631"
"632","cg_",632,"(1,1.25]","(1.75,2]",0.75,"cg_632"
"633","cg_",633,"(1,1.25]","(2,2.25]",0.75,"cg_633"
"634","cg_",634,"(1,1.25]","(2.25,2.5]",0.75,"cg_634"
"635","cg_",635,"(1,1.25]","(2.5,2.75]",0.75,"cg_635"
"636","cg_",636,"(1,1.25]","(2.75,3]",0.75,"cg_636"
"637","cg_",637,"(1.25,1.5]","[0,0.25]",0.75,"cg_637"
"638","cg_",638,"(1.25,1.5]","(0.25,0.5]",0.75,"cg_638"
"639","cg_",639,"(1.25,1.5]","(0.5,0.75]",0.75,"cg_639"
"640","cg_",640,"(1.25,1.5]","(0.75,1]",0.75,"cg_640"
"641","cg_",641,"(1.25,1.5]","(1,1.25]",0.75,"cg_641"
"642","cg_",642,"(1.25,1.5]","(1.25,1.5]",0.75,"cg_642"
"643","cg_",643,"(1.25,1.5]","(1.5,1.75]",0.75,"cg_643"
"644","cg_",644,"(1.25,1.5]","(1.75,2]",0.75,"cg_644"
"645","cg_",645,"(1.25,1.5]","(2,2.25]",0.75,"cg_645"
"646","cg_",646,"(1.25,1.5]","(2.25,2.5]",0.75,"cg_646"
"647","cg_",647,"(1.25,1.5]","(2.5,2.75]",0.75,"cg_647"
"648","cg_",648,"(1.25,1.5]","(2.75,3]",0.75,"cg_648"
"649","cg_",649,"(1.5,1.75]","[0,0.25]",0.75,"cg_649"
"650","cg_",650,"(1.5,1.75]","(0.25,0.5]",0.75,"cg_650"
"651","cg_",651,"(1.5,1.75]","(0.5,0.75]",0.75,"cg_651"
"652","cg_",652,"(1.5,1.75]","(0.75,1]",0.75,"cg_652"
"653","cg_",653,"(1.5,1.75]","(1,1.25]",0.75,"cg_653"
"654","cg_",654,"(1.5,1.75]","(1.25,1.5]",0.75,"cg_654"
"655","cg_",655,"(1.5,1.75]","(1.5,1.75]",0.75,"cg_655"
"656","cg_",656,"(1.5,1.75]","(1.75,2]",0.75,"cg_656"
"657","cg_",657,"(1.5,1.75]","(2,2.25]",0.75,"cg_657"
"658","cg_",658,"(1.5,1.75]","(2.25,2.5]",0.75,"cg_658"
"659","cg_",659,"(1.5,1.75]","(2.5,2.75]",0.75,"cg_659"
"660","cg_",660,"(1.5,1.75]","(2.75,3]",0.75,"cg_660"
"661","cg_",661,"(1.75,2]","[0,0.25]",0.75,"cg_661"
"662","cg_",662,"(1.75,2]","(0.25,0.5]",0.75,"cg_662"
"663","cg_",663,"(1.75,2]","(0.5,0.75]",0.75,"cg_663"
"664","cg_",664,"(1.75,2]","(0.75,1]",0.75,"cg_664"
"665","cg_",665,"(1.75,2]","(1,1.25]",0.75,"cg_665"
"666","cg_",666,"(1.75,2]","(1.25,1.5]",0.75,"cg_666"
"667","cg_",667,"(1.75,2]","(1.5,1.75]",0.75,"cg_667"
"668","cg_",668,"(1.75,2]","(1.75,2]",0.75,"cg_668"
"669","cg_",669,"(1.75,2]","(2,2.25]",0.75,"cg_669"
"670","cg_",670,"(1.75,2]","(2.25,2.5]",0.75,"cg_670"
"671","cg_",671,"(1.75,2]","(2.5,2.75]",0.75,"cg_671"
"672","cg_",672,"(1.75,2]","(2.75,3]",0.75,"cg_672"
"673","cg_",673,"(2,2.25]","[0,0.25]",0.75,"cg_673"
"674","cg_",674,"(2,2.25]","(0.25,0.5]",0.75,"cg_674"
"675","cg_",675,"(2,2.25]","(0.5,0.75]",0.75,"cg_675"
"676","cg_",676,"(2,2.25]","(0.75,1]",0.75,"cg_676"
"677","cg_",677,"(2,2.25]","(1,1.25]",0.75,"cg_677"
"678","cg_",678,"(2,2.25]","(1.25,1.5]",0.75,"cg_678"
"679","cg_",679,"(2,2.25]","(1.5,1.75]",0.75,"cg_679"
"680","cg_",680,"(2,2.25]","(1.75,2]",0.75,"cg_680"
"681","cg_",681,"(2,2.25]","(2,2.25]",0.75,"cg_681"
"682","cg_",682,"(2,2.25]","(2.25,2.5]",0.75,"cg_682"
"683","cg_",683,"(2,2.25]","(2.5,2.75]",0.75,"cg_683"
"684","cg_",684,"(2,2.25]","(2.75,3]",0.75,"cg_684"
"685","cg_",685,"(2.25,2.5]","[0,0.25]",0.75,"cg_685"
"686","cg_",686,"(2.25,2.5]","(0.25,0.5]",0.75,"cg_686"
"687","cg_",687,"(2.25,2.5]","(0.5,0.75]",0.75,"cg_687"
"688","cg_",688,"(2.25,2.5]","(0.75,1]",0.75,"cg_688"
"689","cg_",689,"(2.25,2.5]","(1,1.25]",0.75,"cg_689"
"690","cg_",690,"(2.25,2.5]","(1.25,1.5]",0.75,"cg_690"
"691","cg_",691,"(2.25,2.5]","(1.5,1.75]",0.75,"cg_691"
"692","cg_",692,"(2.25,2.5]","(1.75,2]",0.75,"cg_692"
"693","cg_",693,"(2.25,2.5]","(2,2.25]",0.75,"cg_693"
"694","cg_",694,"(2.25,2.5]","(2.25,2.5]",0.75,"cg_694"
"695","cg_",695,"(2.25,2.5]","(2.5,2.75]",0.75,"cg_695"
"696","cg_",696,"(2.25,2.5]","(2.75,3]",0.75,"cg_696"
"697","cg_",697,"(2.5,2.75]","[0,0.25]",0.75,"cg_697"
"698","cg_",698,"(2.5,2.75]","(0.25,0.5]",0.75,"cg_698"
"699","cg_",699,"(2.5,2.75]","(0.5,0.75]",0.75,"cg_699"
"700","cg_",700,"(2.5,2.75]","(0.75,1]",0.75,"cg_700"
"701","cg_",701,"(2.5,2.75]","(1,1.25]",0.75,"cg_701"
"702","cg_",702,"(2.5,2.75]","(1.25,1.5]",0.75,"cg_702"
"703","cg_",703,"(2.5,2.75]","(1.5,1.75]",0.75,"cg_703"
"704","cg_",704,"(2.5,2.75]","(1.75,2]",0.75,"cg_704"
"705","cg_",705,"(2.5,2.75]","(2,2.25]",0.75,"cg_705"
"706","cg_",706,"(2.5,2.75]","(2.25,2.5]",0.75,"cg_706"
"707","cg_",707,"(2.5,2.75]","(2.5,2.75]",0.75,"cg_707"
"708","cg_",708,"(2.5,2.75]","(2.75,3]",0.75,"cg_708"
"709","cg_",709,"(2.75,3]","[0,0.25]",0.75,"cg_709"
"710","cg_",710,"(2.75,3]","(0.25,0.5]",0.75,"cg_710"
"711","cg_",711,"(2.75,3]","(0.5,0.75]",0.75,"cg_711"
"712","cg_",712,"(2.75,3]","(0.75,1]",0.75,"cg_712"
"713","cg_",713,"(2.75,3]","(1,1.25]",0.75,"cg_713"
"714","cg_",714,"(2.75,3]","(1.25,1.5]",0.75,"cg_714"
"715","cg_",715,"(2.75,3]","(1.5,1.75]",0.75,"cg_715"
"716","cg_",716,"(2.75,3]","(1.75,2]",0.75,"cg_716"
"717","cg_",717,"(2.75,3]","(2,2.25]",0.75,"cg_717"
"718","cg_",718,"(2.75,3]","(2.25,2.5]",0.75,"cg_718"
"719","cg_",719,"(2.75,3]","(2.5,2.75]",0.75,"cg_719"
"720","cg_",720,"(2.75,3]","(2.75,3]",0.75,"cg_720"
"721","cg_",721,"[0,0.25]","[0,0.25]",0.9,"cg_721"
"722","cg_",722,"[0,0.25]","(0.25,0.5]",0.9,"cg_722"
"723","cg_",723,"[0,0.25]","(0.5,0.75]",0.9,"cg_723"
"724","cg_",724,"[0,0.25]","(0.75,1]",0.9,"cg_724"
"725","cg_",725,"[0,0.25]","(1,1.25]",0.9,"cg_725"
"726","cg_",726,"[0,0.25]","(1.25,1.5]",0.9,"cg_726"
"727","cg_",727,"[0,0.25]","(1.5,1.75]",0.9,"cg_727"
"728","cg_",728,"[0,0.25]","(1.75,2]",0.9,"cg_728"
"729","cg_",729,"[0,0.25]","(2,2.25]",0.9,"cg_729"
"730","cg_",730,"[0,0.25]","(2.25,2.5]",0.9,"cg_730"
"731","cg_",731,"[0,0.25]","(2.5,2.75]",0.9,"cg_731"
"732","cg_",732,"[0,0.25]","(2.75,3]",0.9,"cg_732"
"733","cg_",733,"(0.25,0.5]","[0,0.25]",0.9,"cg_733"
"734","cg_",734,"(0.25,0.5]","(0.25,0.5]",0.9,"cg_734"
"735","cg_",735,"(0.25,0.5]","(0.5,0.75]",0.9,"cg_735"
"736","cg_",736,"(0.25,0.5]","(0.75,1]",0.9,"cg_736"
"737","cg_",737,"(0.25,0.5]","(1,1.25]",0.9,"cg_737"
"738","cg_",738,"(0.25,0.5]","(1.25,1.5]",0.9,"cg_738"
"739","cg_",739,"(0.25,0.5]","(1.5,1.75]",0.9,"cg_739"
"740","cg_",740,"(0.25,0.5]","(1.75,2]",0.9,"cg_740"
"741","cg_",741,"(0.25,0.5]","(2,2.25]",0.9,"cg_741"
"742","cg_",742,"(0.25,0.5]","(2.25,2.5]",0.9,"cg_742"
"743","cg_",743,"(0.25,0.5]","(2.5,2.75]",0.9,"cg_743"
"744","cg_",744,"(0.25,0.5]","(2.75,3]",0.9,"cg_744"
"745","cg_",745,"(0.5,0.75]","[0,0.25]",0.9,"cg_745"
"746","cg_",746,"(0.5,0.75]","(0.25,0.5]",0.9,"cg_746"
"747","cg_",747,"(0.5,0.75]","(0.5,0.75]",0.9,"cg_747"
"748","cg_",748,"(0.5,0.75]","(0.75,1]",0.9,"cg_748"
"749","cg_",749,"(0.5,0.75]","(1,1.25]",0.9,"cg_749"
"750","cg_",750,"(0.5,0.75]","(1.25,1.5]",0.9,"cg_750"
"751","cg_",751,"(0.5,0.75]","(1.5,1.75]",0.9,"cg_751"
"752","cg_",752,"(0.5,0.75]","(1.75,2]",0.9,"cg_752"
"753","cg_",753,"(0.5,0.75]","(2,2.25]",0.9,"cg_753"
"754","cg_",754,"(0.5,0.75]","(2.25,2.5]",0.9,"cg_754"
"755","cg_",755,"(0.5,0.75]","(2.5,2.75]",0.9,"cg_755"
"756","cg_",756,"(0.5,0.75]","(2.75,3]",0.9,"cg_756"
"757","cg_",757,"(0.75,1]","[0,0.25]",0.9,"cg_757"
"758","cg_",758,"(0.75,1]","(0.25,0.5]",0.9,"cg_758"
"759","cg_",759,"(0.75,1]","(0.5,0.75]",0.9,"cg_759"
"760","cg_",760,"(0.75,1]","(0.75,1]",0.9,"cg_760"
"761","cg_",761,"(0.75,1]","(1,1.25]",0.9,"cg_761"
"762","cg_",762,"(0.75,1]","(1.25,1.5]",0.9,"cg_762"
"763","cg_",763,"(0.75,1]","(1.5,1.75]",0.9,"cg_763"
"764","cg_",764,"(0.75,1]","(1.75,2]",0.9,"cg_764"
"765","cg_",765,"(0.75,1]","(2,2.25]",0.9,"cg_765"
"766","cg_",766,"(0.75,1]","(2.25,2.5]",0.9,"cg_766"
"767","cg_",767,"(0.75,1]","(2.5,2.75]",0.9,"cg_767"
"768","cg_",768,"(0.75,1]","(2.75,3]",0.9,"cg_768"
"769","cg_",769,"(1,1.25]","[0,0.25]",0.9,"cg_769"
"770","cg_",770,"(1,1.25]","(0.25,0.5]",0.9,"cg_770"
"771","cg_",771,"(1,1.25]","(0.5,0.75]",0.9,"cg_771"
"772","cg_",772,"(1,1.25]","(0.75,1]",0.9,"cg_772"
"773","cg_",773,"(1,1.25]","(1,1.25]",0.9,"cg_773"
"774","cg_",774,"(1,1.25]","(1.25,1.5]",0.9,"cg_774"
"775","cg_",775,"(1,1.25]","(1.5,1.75]",0.9,"cg_775"
"776","cg_",776,"(1,1.25]","(1.75,2]",0.9,"cg_776"
"777","cg_",777,"(1,1.25]","(2,2.25]",0.9,"cg_777"
"778","cg_",778,"(1,1.25]","(2.25,2.5]",0.9,"cg_778"
"779","cg_",779,"(1,1.25]","(2.5,2.75]",0.9,"cg_779"
"780","cg_",780,"(1,1.25]","(2.75,3]",0.9,"cg_780"
"781","cg_",781,"(1.25,1.5]","[0,0.25]",0.9,"cg_781"
"782","cg_",782,"(1.25,1.5]","(0.25,0.5]",0.9,"cg_782"
"783","cg_",783,"(1.25,1.5]","(0.5,0.75]",0.9,"cg_783"
"784","cg_",784,"(1.25,1.5]","(0.75,1]",0.9,"cg_784"
"785","cg_",785,"(1.25,1.5]","(1,1.25]",0.9,"cg_785"
"786","cg_",786,"(1.25,1.5]","(1.25,1.5]",0.9,"cg_786"
"787","cg_",787,"(1.25,1.5]","(1.5,1.75]",0.9,"cg_787"
"788","cg_",788,"(1.25,1.5]","(1.75,2]",0.9,"cg_788"
"789","cg_",789,"(1.25,1.5]","(2,2.25]",0.9,"cg_789"
"790","cg_",790,"(1.25,1.5]","(2.25,2.5]",0.9,"cg_790"
"791","cg_",791,"(1.25,1.5]","(2.5,2.75]",0.9,"cg_791"
"792","cg_",792,"(1.25,1.5]","(2.75,3]",0.9,"cg_792"
"793","cg_",793,"(1.5,1.75]","[0,0.25]",0.9,"cg_793"
"794","cg_",794,"(1.5,1.75]","(0.25,0.5]",0.9,"cg_794"
"795","cg_",795,"(1.5,1.75]","(0.5,0.75]",0.9,"cg_795"
"796","cg_",796,"(1.5,1.75]","(0.75,1]",0.9,"cg_796"
"797","cg_",797,"(1.5,1.75]","(1,1.25]",0.9,"cg_797"
"798","cg_",798,"(1.5,1.75]","(1.25,1.5]",0.9,"cg_798"
"799","cg_",799,"(1.5,1.75]","(1.5,1.75]",0.9,"cg_799"
"800","cg_",800,"(1.5,1.75]","(1.75,2]",0.9,"cg_800"
"801","cg_",801,"(1.5,1.75]","(2,2.25]",0.9,"cg_801"
"802","cg_",802,"(1.5,1.75]","(2.25,2.5]",0.9,"cg_802"
"803","cg_",803,"(1.5,1.75]","(2.5,2.75]",0.9,"cg_803"
"804","cg_",804,"(1.5,1.75]","(2.75,3]",0.9,"cg_804"
"805","cg_",805,"(1.75,2]","[0,0.25]",0.9,"cg_805"
"806","cg_",806,"(1.75,2]","(0.25,0.5]",0.9,"cg_806"
"807","cg_",807,"(1.75,2]","(0.5,0.75]",0.9,"cg_807"
"808","cg_",808,"(1.75,2]","(0.75,1]",0.9,"cg_808"
"809","cg_",809,"(1.75,2]","(1,1.25]",0.9,"cg_809"
"810","cg_",810,"(1.75,2]","(1.25,1.5]",0.9,"cg_810"
"811","cg_",811,"(1.75,2]","(1.5,1.75]",0.9,"cg_811"
"812","cg_",812,"(1.75,2]","(1.75,2]",0.9,"cg_812"
"813","cg_",813,"(1.75,2]","(2,2.25]",0.9,"cg_813"
"814","cg_",814,"(1.75,2]","(2.25,2.5]",0.9,"cg_814"
"815","cg_",815,"(1.75,2]","(2.5,2.75]",0.9,"cg_815"
"816","cg_",816,"(1.75,2]","(2.75,3]",0.9,"cg_816"
"817","cg_",817,"(2,2.25]","[0,0.25]",0.9,"cg_817"
"818","cg_",818,"(2,2.25]","(0.25,0.5]",0.9,"cg_818"
"819","cg_",819,"(2,2.25]","(0.5,0.75]",0.9,"cg_819"
"820","cg_",820,"(2,2.25]","(0.75,1]",0.9,"cg_820"
"821","cg_",821,"(2,2.25]","(1,1.25]",0.9,"cg_821"
"822","cg_",822,"(2,2.25]","(1.25,1.5]",0.9,"cg_822"
"823","cg_",823,"(2,2.25]","(1.5,1.75]",0.9,"cg_823"
"824","cg_",824,"(2,2.25]","(1.75,2]",0.9,"cg_824"
"825","cg_",825,"(2,2.25]","(2,2.25]",0.9,"cg_825"
"826","cg_",826,"(2,2.25]","(2.25,2.5]",0.9,"cg_826"
"827","cg_",827,"(2,2.25]","(2.5,2.75]",0.9,"cg_827"
"828","cg_",828,"(2,2.25]","(2.75,3]",0.9,"cg_828"
"829","cg_",829,"(2.25,2.5]","[0,0.25]",0.9,"cg_829"
"830","cg_",830,"(2.25,2.5]","(0.25,0.5]",0.9,"cg_830"
"831","cg_",831,"(2.25,2.5]","(0.5,0.75]",0.9,"cg_831"
"832","cg_",832,"(2.25,2.5]","(0.75,1]",0.9,"cg_832"
"833","cg_",833,"(2.25,2.5]","(1,1.25]",0.9,"cg_833"
"834","cg_",834,"(2.25,2.5]","(1.25,1.5]",0.9,"cg_834"
"835","cg_",835,"(2.25,2.5]","(1.5,1.75]",0.9,"cg_835"
"836","cg_",836,"(2.25,2.5]","(1.75,2]",0.9,"cg_836"
"837","cg_",837,"(2.25,2.5]","(2,2.25]",0.9,"cg_837"
"838","cg_",838,"(2.25,2.5]","(2.25,2.5]",0.9,"cg_838"
"839","cg_",839,"(2.25,2.5]","(2.5,2.75]",0.9,"cg_839"
"840","cg_",840,"(2.25,2.5]","(2.75,3]",0.9,"cg_840"
"841","cg_",841,"(2.5,2.75]","[0,0.25]",0.9,"cg_841"
"842","cg_",842,"(2.5,2.75]","(0.25,0.5]",0.9,"cg_842"
"843","cg_",843,"(2.5,2.75]","(0.5,0.75]",0.9,"cg_843"
"844","cg_",844,"(2.5,2.75]","(0.75,1]",0.9,"cg_844"
"845","cg_",845,"(2.5,2.75]","(1,1.25]",0.9,"cg_845"
"846","cg_",846,"(2.5,2.75]","(1.25,1.5]",0.9,"cg_846"
"847","cg_",847,"(2.5,2.75]","(1.5,1.75]",0.9,"cg_847"
"848","cg_",848,"(2.5,2.75]","(1.75,2]",0.9,"cg_848"
"849","cg_",849,"(2.5,2.75]","(2,2.25]",0.9,"cg_849"
"850","cg_",850,"(2.5,2.75]","(2.25,2.5]",0.9,"cg_850"
"851","cg_",851,"(2.5,2.75]","(2.5,2.75]",0.9,"cg_851"
"852","cg_",852,"(2.5,2.75]","(2.75,3]",0.9,"cg_852"
"853","cg_",853,"(2.75,3]","[0,0.25]",0.9,"cg_853"
"854","cg_",854,"(2.75,3]","(0.25,0.5]",0.9,"cg_854"
"855","cg_",855,"(2.75,3]","(0.5,0.75]",0.9,"cg_855"
"856","cg_",856,"(2.75,3]","(0.75,1]",0.9,"cg_856"
"857","cg_",857,"(2.75,3]","(1,1.25]",0.9,"cg_857"
"858","cg_",858,"(2.75,3]","(1.25,1.5]",0.9,"cg_858"
"859","cg_",859,"(2.75,3]","(1.5,1.75]",0.9,"cg_859"
"860","cg_",860,"(2.75,3]","(1.75,2]",0.9,"cg_860"
"861","cg_",861,"(2.75,3]","(2,2.25]",0.9,"cg_861"
"862","cg_",862,"(2.75,3]","(2.25,2.5]",0.9,"cg_862"
"863","cg_",863,"(2.75,3]","(2.5,2.75]",0.9,"cg_863"
"864","cg_",864,"(2.75,3]","(2.75,3]",0.9,"cg_864"
